removed_file,kept_file,sha256
Aluminium\Defective\image_100_merged_1.jpg,Aluminium\Defective\image_100.jpg,815f9ceef11a6d337d3ea49d17c352c88441ba09f012760893395401ce6572fb
Aluminium\Defective\image_101_merged_1.jpg,Aluminium\Defective\image_101.jpg,f9197a87be1143d08270b371542ac76d021f4c2eea0eb9b9befd1ca3de447156
Aluminium\Defective\image_102_merged_1.jpg,Aluminium\Defective\image_102.jpg,0a3bba90fb98bed82b5dfd400111395cd89125fe6c0b6b192f4c9bef3d5acfce
Aluminium\Defective\image_103_merged_1.jpg,Aluminium\Defective\image_103.jpg,1451024c9c8d67f9024e7fb7d6f3c27d7705ba29d48dd38e1a95e89441d648fe
Aluminium\Defective\image_104_merged_1.jpg,Aluminium\Defective\image_104.jpg,f5c756a17163e3395a98660dcfa20f469906593bd84e795aa33471b735a02bdd
Aluminium\Defective\image_105_merged_1.jpg,Aluminium\Defective\image_105.jpg,846d975bbf7b293bc10ef10a2add39c12a59d433f97b689057f1221d0ab23801
Aluminium\Defective\image_106_merged_1.jpg,Aluminium\Defective\image_106.jpg,e4fed3e7788d398b3e50e1278c735eea2fccde8aa70be5dad42e2f06ef72a6da
Aluminium\Defective\image_107_merged_1.jpg,Aluminium\Defective\image_107.jpg,a6c05c33d34ce986d7f14e6186f3c76a62a3b04a7fa17e0ad0e400be1762f0dc
Aluminium\Defective\image_108_merged_1.jpg,Aluminium\Defective\image_108.jpg,017ac5ab4e67d3a1e3229b3df5dee22104160c2ae9d6af9705b4017f03857437
Aluminium\Defective\image_109_merged_1.jpg,Aluminium\Defective\image_109.jpg,7bf0bcf7e2badfdd31e9460e9eaa1cf31b9c4625f3ef032b9e37d7ba7f3dc4fb
Aluminium\Defective\image_10_merged_1.jpg,Aluminium\Defective\image_10.jpg,e883c81b374c03c97c2ab64bc85b523c0188a80c722ff1135d4be45586d2a786
Aluminium\Defective\image_110_merged_1.jpg,Aluminium\Defective\image_110.jpg,bd659885f87741df6311745a9f9bcda3ac2f5bba8dc30728da6368df387eb1b4
Aluminium\Defective\image_111_merged_1.jpg,Aluminium\Defective\image_111.jpg,6c734173c7ffce510d8c90f13d57910ad8a03f6b947e373510cee280a8bd7fec
Aluminium\Defective\image_112_merged_1.jpg,Aluminium\Defective\image_112.jpg,186fc50e2476567f78f25df486f4c59544fdba1b1c3efac07bdac789107d534b
Aluminium\Defective\image_113_merged_1.jpg,Aluminium\Defective\image_113.jpg,1bf9090fb4d2465e00c6daccb148f6be8d24076a9848f2502e3461edfdd2ba67
Aluminium\Defective\image_114_merged_1.jpg,Aluminium\Defective\image_114.jpg,17cfb05cbf4624c1c3a81e8a1eb3919dc78c0315749282f00279ee6b3b3d0802
Aluminium\Defective\image_115.jpg,Aluminium\Defective\image_101.jpg,f9197a87be1143d08270b371542ac76d021f4c2eea0eb9b9befd1ca3de447156
Aluminium\Defective\image_116_merged_1.jpg,Aluminium\Defective\image_116.jpg,b721da0a3cd9fa1124980d0964533eb7cb57c780ad890991a3b321e0a24ebe0d
Aluminium\Defective\image_117_merged_1.jpg,Aluminium\Defective\image_117.jpg,c545f38738d2af7a181b35f5707f69192a8204bd635a3f9cd1f4814da9d5d2c6
Aluminium\Defective\image_118_merged_1.jpg,Aluminium\Defective\image_118.jpg,019b57ec2197fbb3a8b59dcb2a3b00fc17b16c3759836b88bd7a9eb343a01553
Aluminium\Defective\image_119_merged_1.jpg,Aluminium\Defective\image_119.jpg,18194a7cd16d6288917d7b737938a264dec7fe7e97935ca6c8ccb9c775de1d83
Aluminium\Defective\image_11_merged_1.jpg,Aluminium\Defective\image_11.jpg,cee0f23c03fe006812f8d4bb6819f40fcf4362d53d0662ff9b737ebfc4f28bd5
Aluminium\Defective\image_120_merged_1.jpg,Aluminium\Defective\image_120.jpg,ccdbe1293a22b3462f656b5431924c630a2c76141beb64c62f3911c192365de5
Aluminium\Defective\image_121_merged_1.jpg,Aluminium\Defective\image_121.jpg,71be84371c4d7c291de5fe446c6d4f9cb4be19af2254bdd80e7714bf28827ccf
Aluminium\Defective\image_122_merged_1.jpg,Aluminium\Defective\image_122.jpg,55f8066529a80210e55214a349b0afd59131970ada2cd2a8dd95cea73962e918
Aluminium\Defective\image_123_merged_1.jpg,Aluminium\Defective\image_123.jpg,0d39c848e9b1820dc6b08063d2f62bb1dd56b48d3244378ea62cfbc4dd421e27
Aluminium\Defective\image_124_merged_1.jpg,Aluminium\Defective\image_124.jpg,49152c858801595d505d5b2e5013977e4738b9d2abd84d56bffbaaee06c0dcbb
Aluminium\Defective\image_125_merged_1.jpg,Aluminium\Defective\image_125.jpg,01a2a94ba7ca911d5d1f19d0b5643eb6e9f03b2fc1c7b32fcebcb42cf584e785
Aluminium\Defective\image_126_merged_1.jpg,Aluminium\Defective\image_126.jpg,55729542eedd168093619dd5aa7fa7bef9a2f33dc37adef15c2c7ec0b75760d1
Aluminium\Defective\image_127_merged_1.jpg,Aluminium\Defective\image_127.jpg,3b9d3e418c304d7b6efa44630ceb5af9afaa5df4b42b47f3b1c1f042b8f36ff0
Aluminium\Defective\image_128_merged_1.jpg,Aluminium\Defective\image_128.jpg,2ffceef37001b96f3f6bbd922b4e4988b6a6752e00290608eb1270e790c553ce
Aluminium\Defective\image_129_merged_1.jpg,Aluminium\Defective\image_129.jpg,d7e470fdefea491be64f6182ba7ced8e66c376b53d492bd512c0d59f55c60848
Aluminium\Defective\image_12_merged_1.jpg,Aluminium\Defective\image_12.jpg,21cc5e11560fc57b251fae23d8a6ff9d158c5e223d42d977d81df5e199eec151
Aluminium\Defective\image_130_merged_1.jpg,Aluminium\Defective\image_130.jpg,6e6f6b546761991620579e21ae8ce5e47d89f2597aca1abaf7fb7349d2c09560
Aluminium\Defective\image_13_merged_1.jpg,Aluminium\Defective\image_13.jpg,a53fed169429e9aa83d209286c6a62d76e45df2c712958346f006ff6c2855574
Aluminium\Defective\image_14_merged_1.jpg,Aluminium\Defective\image_14.jpg,0f7a7944733dd0a7cd87336084d427a02887741b63bd33ba02db5e04ed1def50
Aluminium\Defective\image_15_merged_1.jpg,Aluminium\Defective\image_15.jpg,2d17acfec2c5a02dd8a3e55eec4dcd867050c3acb83b2777ff2306d7e4fd1155
Aluminium\Defective\image_16_merged_1.jpg,Aluminium\Defective\image_16.jpg,3fca58613c2200aece4263205428b810626a927b446c2437e66e7721fb15e8c2
Aluminium\Defective\image_17_merged_1.jpg,Aluminium\Defective\image_17.jpg,d1c979909071e0e0db693137ed193c31523b88914253fcd4826cbe28ae3eba45
Aluminium\Defective\image_18_merged_1.jpg,Aluminium\Defective\image_18.jpg,eec73e770ad37bdff6be3516d036a5713f06395a11600623454e249d1bb51064
Aluminium\Defective\image_19_merged_1.jpg,Aluminium\Defective\image_19.jpg,09dd0223915e4ea9b17037b0f442d5a9c6855323341219a111821923b2a9d0c8
Aluminium\Defective\image_1_merged_1.jpg,Aluminium\Defective\image_1.jpg,e197c504705577518ae0ee31390d932a8911d9cc7a6df170bb7b9dfb34474856
Aluminium\Defective\image_20_merged_1.jpg,Aluminium\Defective\image_20.jpg,df8ad55d564f4849895982433abe5eb6b2eca65fbdf27935b28529c309110019
Aluminium\Defective\image_21_merged_1.jpg,Aluminium\Defective\image_21.jpg,a384dbb583d32b6a2ff7bfd3ee1ab5a8b4c3ed3ff1a031d9234e258fc0baaea7
Aluminium\Defective\image_22_merged_1.jpg,Aluminium\Defective\image_22.jpg,cf67e54a9c6824e8dd8e467dc1052b09d3623a98e569a964d8156c674ad1af6d
Aluminium\Defective\image_23_merged_1.jpg,Aluminium\Defective\image_23.jpg,f9b0b1ac787a4f1abc71d63e5ad6b7e65ca30b8b51def248ae502696bb5b1a24
Aluminium\Defective\image_24_merged_1.jpg,Aluminium\Defective\image_24.jpg,598a19e5915a3c87c7262d821be8ccc08a366adb1dae18d0d0afcbf24b307164
Aluminium\Defective\image_26_merged_1.jpg,Aluminium\Defective\image_26.jpg,fd8925b166ea3bba752f59204cadcc99bb56cc943614af163bfa55c4e910edc7
Aluminium\Defective\image_27_merged_1.jpg,Aluminium\Defective\image_27.jpg,ab36b8fab9062f2afbe4726637c357685b24a79175e04c53c12070c987a25875
Aluminium\Defective\image_28_merged_1.jpg,Aluminium\Defective\image_28.jpg,e2b8e2a31791fb69b1324ab948d4e0947eeca6c140d5b3954f4db39300e1a485
Aluminium\Defective\image_29_merged_1.jpg,Aluminium\Defective\image_29.jpg,e9f9ba312a631f1b0a1750f071f938cf13397489409b7a8e97bd847e9a42ce61
Aluminium\Defective\image_2_merged_1.jpg,Aluminium\Defective\image_2.jpg,e07db09a1a65b013dd493ce7f23be34fc2c6d025a2b300300eea986d7f5a4be0
Aluminium\Defective\image_30_merged_1.jpg,Aluminium\Defective\image_30.jpg,9d581e7ad94675ffef575f1a6e14a9e691d8e590602943a3547989b3ade69754
Aluminium\Defective\image_32_merged_1.jpg,Aluminium\Defective\image_32.jpg,b948936f14969759b9edac1ffe4043102f08d9203ffea7b874f26a3ad8a25138
Aluminium\Defective\image_33_merged_1.jpg,Aluminium\Defective\image_33.jpg,20146e9083d429aa51e47841fe5c3f6ce3cc2d7f53a2536d98f1f91321fbf88c
Aluminium\Defective\image_3_merged_1.jpg,Aluminium\Defective\image_3.jpg,1c47cbc3353e166d7eeb990a96fe03a1fc188eed15423123ed0adbc46c4a4272
Aluminium\Defective\image_45_merged_1.jpg,Aluminium\Defective\image_45.jpg,ea6708701c3840ddb634e5f15bcb337a50249d9e2a1b72c0b92ce77ecea82700
Aluminium\Defective\image_46_merged_1.jpg,Aluminium\Defective\image_46.jpg,7b29e2ad45e537a8240508665bb285b7e99f8dde768656dcc13945e3f4b820c4
Aluminium\Defective\image_47_merged_1.jpg,Aluminium\Defective\image_47.jpg,fd79732cfb1852854df1121ef80efa7a44825b2aebfa8e7860f635c3a8afa350
Aluminium\Defective\image_48_merged_1.jpg,Aluminium\Defective\image_48.jpg,e19896c94fed612455bf1f2a8499908b305139f826405e9a782b9af24f7bd7f8
Aluminium\Defective\image_49_merged_1.jpg,Aluminium\Defective\image_49.jpg,6069d53562c08d2d35c9825145af6111081fa5d65d35d8ac38cccea3aa16c2dd
Aluminium\Defective\image_4_merged_1.jpg,Aluminium\Defective\image_4.jpg,06c8352a2389752c744f1be966ebd7f06239de2b2d15835ea29bb9845d2ce025
Aluminium\Defective\image_50_merged_1.jpg,Aluminium\Defective\image_50.jpg,a2cbb56e3e9dd133f51d94946d2d2095f6e9a8eb2e0ce33591a9d92076e7ae2d
Aluminium\Defective\image_51_merged_1.jpg,Aluminium\Defective\image_51.jpg,f0576947a7dfcd076200db460f349c6406ebadda4e08a27af9ba51ca95bcdfff
Aluminium\Defective\image_52_merged_1.jpg,Aluminium\Defective\image_52.jpg,a8e38bbf45d1a03cdbbb4e88ac93ce1d96fca2e719fc72e2cd451a696d3e1ea5
Aluminium\Defective\image_53_merged_1.jpg,Aluminium\Defective\image_53.jpg,14daebfc773d592949a7dcef71046c8e201dd3907ac0a77ef5cec75abb2c33a1
Aluminium\Defective\image_54_merged_1.jpg,Aluminium\Defective\image_54.jpg,7077b9c66525d98869c325409753081e840854b281414bdcbbe6d1a17f29e3a4
Aluminium\Defective\image_55_merged_1.jpg,Aluminium\Defective\image_55.jpg,4935870d619e1d9d476ac33db0a5008eae05ca077f6547392bf71d1d19bc8598
Aluminium\Defective\image_56_merged_1.jpg,Aluminium\Defective\image_56.jpg,d416094655140d581e15b0676bae5742a80b3cdcf573504a05a082790e73aa28
Aluminium\Defective\image_57_merged_1.jpg,Aluminium\Defective\image_57.jpg,2fe4ae87012566293b1b000de731f359507164993c21db61463c9fa21cfc6ebf
Aluminium\Defective\image_58_merged_1.jpg,Aluminium\Defective\image_58.jpg,bafcbebe1a3ead4e7d0c9179f636d9a55d91e071ea70f66ae4d71b40141b1d22
Aluminium\Defective\image_59_merged_1.jpg,Aluminium\Defective\image_59.jpg,87525970c02eb6c5e16867f70678354a97920002a3af88b11756b749f0a8ef20
Aluminium\Defective\image_5_merged_1.jpg,Aluminium\Defective\image_5.jpg,bd01291e729aef73f96e17182e23eb51a3e31327690a631a64152713a1a88551
Aluminium\Defective\image_60_merged_1.jpg,Aluminium\Defective\image_60.jpg,b0e3bd8ccd31a51598f07af7048c32eb213f257a6a905341b60b70d765ac98df
Aluminium\Defective\image_61_merged_1.jpg,Aluminium\Defective\image_61.jpg,c3953a1c111e6af7edfd6310216be33ebb5eca4a7670fc8fa9f6bd54e02d8244
Aluminium\Defective\image_62_merged_1.jpg,Aluminium\Defective\image_62.jpg,3f488881cec90c185616542beb9f21beddf3cecad2fcab3dad2e5816ae19aac5
Aluminium\Defective\image_63_merged_1.jpg,Aluminium\Defective\image_63.jpg,e970f972601de7e01a2129fcad78d35511cc1b6e5c93a24a6b2132b2eaf3ae33
Aluminium\Defective\image_64_merged_1.jpg,Aluminium\Defective\image_64.jpg,1d1fcfb76c45a5424a15d948d54b751e2997ec45a90362968e2019a85b8b9458
Aluminium\Defective\image_65_merged_1.jpg,Aluminium\Defective\image_65.jpg,f32dcd711722844d5d6fdef582761a9d11fe73d6ac19a63222476c085b50e83b
Aluminium\Defective\image_66_merged_1.jpg,Aluminium\Defective\image_66.jpg,1a382d4e3cca4ab7de8068ff7976ecc0c2394562364e20597259091ea090cc7b
Aluminium\Defective\image_67_merged_1.jpg,Aluminium\Defective\image_67.jpg,2f74a2d84b82b4e83509c75bcbb69fbfcaf88ea08768bce71e12d09993fbc947
Aluminium\Defective\image_6_merged_1.jpg,Aluminium\Defective\image_6.jpg,5549c6c8513cff25d10e249c6654537ff499a040cb674e059427729f3847d83d
Aluminium\Defective\image_74_merged_1.jpg,Aluminium\Defective\image_74.jpg,b2fe81c53f16b0dc4ad5f7dba7ab43b3152fcb4b19a16b393455eb77515263c4
Aluminium\Defective\image_75_merged_1.jpg,Aluminium\Defective\image_75.jpg,efa22720fbf77486d5b92f402e064446ad7f23d995b647f3c552be03249855aa
Aluminium\Defective\image_76_merged_1.jpg,Aluminium\Defective\image_76.jpg,f7bb2088d5958d6ef8561ee7bd1e4bc15366175ecb79a680e70804741f5f536b
Aluminium\Defective\image_77_merged_1.jpg,Aluminium\Defective\image_77.jpg,ad410481702dc63b4f4ff017afc231243d1ec774c7a9815cc8a7b8ac48c70483
Aluminium\Defective\image_78_merged_1.jpg,Aluminium\Defective\image_78.jpg,41be9a04c5174ffccdcbdbcc47dea57941ff281b0e0c1913803d657a23fd832a
Aluminium\Defective\image_79_merged_1.jpg,Aluminium\Defective\image_79.jpg,011507fbc90afa6ff6f64d3a0cd12b8a522a8e04a67992152b746a617f6e3e79
Aluminium\Defective\image_7_merged_1.jpg,Aluminium\Defective\image_7.jpg,943ba55e24fa660f7747ae194de01953f4b6b5182993c8eeab5d063018df520b
Aluminium\Defective\image_80_merged_1.jpg,Aluminium\Defective\image_80.jpg,546eebc14e5c8489bf66dcfed2c0a46e9a3aae68efa9d4debae5af3c43eab4c4
Aluminium\Defective\image_81_merged_1.jpg,Aluminium\Defective\image_81.jpg,af0701a418693e18ea0a9bef16a9b12175280259cffc3b60786b56809f6015c2
Aluminium\Defective\image_82_merged_1.jpg,Aluminium\Defective\image_82.jpg,43d53a3c500da7fb480553cdea13dc8c7f6ac6cf0d9b59b9b0bfb111a7bd2894
Aluminium\Defective\image_83_merged_1.jpg,Aluminium\Defective\image_83.jpg,6a8f9b151ba8888b8a04a8b5a53e50d8fff63f704e56dcbe4c5b0d66566410a5
Aluminium\Defective\image_84_merged_1.jpg,Aluminium\Defective\image_84.jpg,3f3b34a214984ebb0ef3bc28762b1e570a765fbc1b48e09e9f280d552f4a0f0f
Aluminium\Defective\image_85_merged_1.jpg,Aluminium\Defective\image_85.jpg,2a4f7f734ec4ac0b6db6bb99bdd6a79004d9af2d983ffe6ace807b1f0d52e15a
Aluminium\Defective\image_86_merged_1.jpg,Aluminium\Defective\image_86.jpg,5e4d316a6d319cb4c6f8c8216bf7317eb4b57603a6af3eb21e33c55a469232f0
Aluminium\Defective\image_87_merged_1.jpg,Aluminium\Defective\image_87.jpg,39250014cb8aa17c2a4054ce7f60b120627b9aba966b2591279589cea424b19a
Aluminium\Defective\image_88_merged_1.png,Aluminium\Defective\image_88.png,47d47508f0b8bb0115cac645b7dc7b4b1e74b8aa08c65f4184464d28fff3a039
Aluminium\Defective\image_89_merged_1.png,Aluminium\Defective\image_89.png,6617784aed26a6a6f8ed23e8210e49b040047d5832c7a60b599be7b48eecba9c
Aluminium\Defective\image_8_merged_1.jpg,Aluminium\Defective\image_8.jpg,7510be20763735fdfcd3faf94e6ca8f62d951d972ffef64ecaaca6980d2db16d
Aluminium\Defective\image_90_merged_1.jpg,Aluminium\Defective\image_90.jpg,eaf04f21a4b6cce8fa1c275e9d664ab5219b4ae2e0969db17cd72cb40700faa3
Aluminium\Defective\image_91_merged_1.png,Aluminium\Defective\image_91.png,57dffa11fbe58e324b7d6209224de501459d87b65226f50a5277d9205f2a55fb
Aluminium\Defective\image_92_merged_1.jpg,Aluminium\Defective\image_92.jpg,e28c996e5c715e8f2f75eef7aeb7512392c51a3629e5a50159d8cb11792a509d
Aluminium\Defective\image_93_merged_1.jpg,Aluminium\Defective\image_93.jpg,d1a366db1be51214a475faa923ba1af7ed198148a86c4107705f60d6319accc8
Aluminium\Defective\image_94_merged_1.jpg,Aluminium\Defective\image_94.jpg,5c19c736f6ed15337703064c676916263a556e12bc8bcab6e2a005311cf61418
Aluminium\Defective\image_95_merged_1.jpg,Aluminium\Defective\image_95.jpg,5cb3d355befe83d3019d6e7dcbfdc5f2bfe2ac25382c2e6d0b9c78910da44ba0
Aluminium\Defective\image_96_merged_1.jpg,Aluminium\Defective\image_96.jpg,8cec4cf2ccdcba7b9cf8e00f5cbb6479d0a60c324f4776504c8ddbcb0316db69
Aluminium\Defective\image_97_merged_1.jpg,Aluminium\Defective\image_97.jpg,8f07185954ac9b8467d1192cd902ad35206dd02db872b5447e64000a34e69602
Aluminium\Defective\image_98_merged_1.jpg,Aluminium\Defective\image_98.jpg,79ac59aea592123588f22033f230fb2ff09d1ed7c9ea3bf24888be0ef77660fd
Aluminium\Defective\image_99_merged_1.jpg,Aluminium\Defective\image_99.jpg,d560c8b2f22b0909796e1a524219ff1dfbec026379f4246fa508da2f665e220e
Aluminium\Defective\image_9_merged_1.jpg,Aluminium\Defective\image_9.jpg,9b583029acdc419732433642ce14292208e1357155de218c2bef3b80936a175d
Aluminium\Good\image_10g_merged_1.jpg,Aluminium\Good\image_10g.jpg,a61b1fd78da7a4f2b76167949919f9c1dcac5438bb2ec1454fb8e32951bcf259
Aluminium\Good\image_11g_merged_1.jpg,Aluminium\Good\image_11g.jpg,3e198bfc8e2e1c5745c873692bacbc02bab0f771c62f891c4c991f2b7f5da9cb
Aluminium\Good\image_12g_merged_1.jpg,Aluminium\Good\image_12g.jpg,914056f4e189643149d2b71c3bdc426308096933ab09f05be7c3a1394dbaf4a2
Aluminium\Good\image_13g_merged_1.jpg,Aluminium\Good\image_13g.jpg,ad1d946231966eed0db75aa21ffeed04a758dba6033b32bcf5206849e249df85
Aluminium\Good\image_14g_merged_1.jpg,Aluminium\Good\image_14g.jpg,8bb2f79f9201d85692e108962884724e28cb0dafcd672f8a9b85ad3003fe58d0
Aluminium\Good\image_1g_merged_1.jpg,Aluminium\Good\image_1g.jpg,dfc9e5c432fcff004832017f150395890a3aabf9005f8573f17d75c93e35c1e0
Aluminium\Good\image_2g_merged_1.jpg,Aluminium\Good\image_2g.jpg,518202249f64fdd0005b5eb4eff483aeeb0845463e8f9b38aa4d34d4862a1e8a
Aluminium\Good\image_3g_merged_1.jpg,Aluminium\Good\image_3g.jpg,9bfa06609d95c43400a75d19cd9e817599d22feb04632b58ad604a8087169e6a
Aluminium\Good\image_4g_merged_1.jpg,Aluminium\Good\image_4g.jpg,fe91f1d18f5d74b01e4b06f04fbafb9d59fd89dad085aa9454fc3bacc1a68d2a
Aluminium\Good\image_5g_merged_1.jpg,Aluminium\Good\image_5g.jpg,73c25cbedad026eeb6caaa15583f1f45b8beb51d885d9a4d66239205870e9213
Aluminium\Good\image_6g_merged_1.jpg,Aluminium\Good\image_6g.jpg,a3ec9917f08e087c3161a1ed24cffae8b2b104715b8a773045401c7fd2b515d2
Aluminium\Good\image_7g_merged_1.jpg,Aluminium\Good\image_7g.jpg,b3670d422156e1de7f8bae29127d9ad378c69852a2dfbba7a74616b548e2b7b9
Copper\Defective\image_68_merged_1.jpg,Copper\Defective\image_68.jpg,9874bebc0f69015b1eb29a9e681e86db00c0e1408e16930259f5f302f5e2c5bc
Copper\Defective\image_69_merged_1.jpg,Copper\Defective\image_69.jpg,e7063d11eb5bbfea1f184c7ed5327fabff9f5f13397a1649befb737e433af11e
Copper\Defective\image_70_merged_1.jpg,Copper\Defective\image_70.jpg,aeb658687a535d6de8a9212a5b285104ab2f7db6d0a701660e0d2ca248d00ca4
Copper\Defective\image_72_merged_1.jpg,Copper\Defective\image_72.jpg,4ce8b799f866abdb0028527c168a324b24c9c17e7a3d87b331efd2c60abb17f2
Copper\Good\image_8g_merged_1.jpg,Copper\Good\image_8g.jpg,e78a6b8c181307751c3e5f85dd5cdcd550cdc2d1fc81d0f01c8c27c7bf7f12b8
Copper\Good\image_9g_merged_1.jpg,Copper\Good\image_9g.jpg,d5cbb58f24b61a4c77e07c7818e1c2bad0ca9401fba0949a78903950af275779
